<?xml version="1.0" encoding="UTF-8" ?>
<!DOCTYPE mapper
        PUBLIC "-//mybatis.org//DTD Mapper 3.0//EN"
        "http://mybatis.org/dtd/mybatis-3-mapper.dtd">

<mapper namespace="com.thomas.ymyguide.dataBaseServer.ticket.ticket_order.mapper.TicketOrderMapper">

    <!-- 插入订单 -->
    <insert id="insertOrder" parameterType="com.thomas.ymyguide.dataBaseServer.ticket.ticket_order.entity.TicketOrder">
        INSERT INTO ticket_order
        (
            order_number,
            ticket_type,
            ticket_price,
            quantity,
            total_amount,
            order_status,
            create_time
        )
        VALUES
            (
                #{orderNumber},
                #{ticketType},
                #{ticketPrice},
                #{quantity},
                #{totalAmount},
                #{orderStatus},
                #{createTime}
            )
    </insert>

    <!-- 可选：获取所有订单 -->
    <select id="getAllOrders" resultType="com.thomas.ymyguide.dataBaseServer.ticket.ticket_order.entity.TicketOrder">
        SELECT
            order_number,
            ticket_type,
            ticket_price,
            quantity,
            total_amount,
            order_status,
            create_time
        FROM ticket_order
    </select>

    <select id="selectByOrderNumber" resultType="com.thomas.ymyguide.dataBaseServer.ticket.ticket_order.entity.TicketOrder">
        SELECT * FROM ticket_order WHERE order_number = #{orderNumber}
    </select>

    <!-- 可选：更新订单状态 -->
    <update id="updateOrderStatus">
        UPDATE ticket_order
        SET order_status = #{orderStatus}
        WHERE order_number = #{orderNumber}
    </update>

</mapper>
