<?xml version="1.0" encoding="UTF-8" ?>
<!DOCTYPE mapper
        PUBLIC "-//mybatis.org//DTD Mapper 3.0//EN"
        "http://mybatis.org/dtd/mybatis-3-mapper.dtd">

<mapper namespace="com.thomas.ymyguide.dataBaseServer.ticket.ticket_inventory.mapper.TicketInventoryMapper">

    <!-- 查询是否已存在 -->
    <select id="selectByNameAndType" resultType="com.thomas.ymyguide.dataBaseServer.ticket.ticket_inventory.entity.TicketInventory">
        SELECT * FROM ticket_inventory
        WHERE ticket_name = #{ticketName} AND ticket_type = #{ticketType}
    </select>

    <!-- 插入新票种 -->
    <insert id="insertTicket">
        INSERT INTO ticket_inventory(ticket_name, ticket_type, price, current_stock, total_stock, valid_date, is_refundable)
        VALUES (#{ticketName}, #{ticketType}, #{price}, #{currentStock}, #{totalStock}, #{validDate}, #{isRefundable})
    </insert>

    <!-- 更新库存 -->
    <update id="updateStock">
        UPDATE ticket_inventory
        SET current_stock = current_stock + #{addStock}
        WHERE ticket_name = #{ticketName} AND ticket_type = #{ticketType}
    </update>
    <!--    游客购票-->
    <update id="decreaseStock">
        UPDATE ticket_inventory
        SET current_stock = current_stock - #{quantity}
        WHERE ticket_name = #{ticketName}
          AND ticket_type = #{ticketType}
          AND current_stock >= #{quantity}
    </update>

</mapper>
